user_id,timestamp,temperature,time_of_the_day,behaviour,frequency_crossing,anomalous_probability,anomaly_reason,behavior,feature_count,normal_probability,prediction_confidence,prediction_timestamp,used_user_model
USER018,2025-06-06 12:01:30.305,34,evening,anomalous,942,,,,,,,,
USER020,2025-03-15 20:00:56.113,-28,night,anomalous,961,,,,,,,,
USER016,2025-03-02 12:16:45.070,28,evening,anomalous,420,,,,,,,,
USER015,2025-09-18 03:36:23.894,11,morning,anomalous,964,,,,,,,,
USER004,2025-04-23 16:04:28.713,32,evening,anomalous,92,,,,,,,,
USER011,2025-03-15 19:10:28.628,24,night,anomalous,116,,,,,,,,
USER015,2025-11-18 22:21:42.003,-8,night,normal,336,,,,,,,,
USER001,2025-09-13 18:20:56.986,20,night,anomalous,409,,,,,,,,
USER009,2025-03-02 00:02:42.669,42,morning,normal,640,,,,,,,,
USER008,2025-10-23 21:37:29.840,6,night,normal,98,,,,,,,,
USER013,2025-01-25 07:04:10.152,34,afternoon,anomalous,826,,,,,,,,
USER004,2025-01-02 13:19:55.422,2,evening,anomalous,252,,,,,,,,
USER019,2025-07-10 10:55:13.388,6,afternoon,normal,751,,,,,,,,
USER011,2025-05-28 07:05:19.430,18,afternoon,normal,827,,,,,,,,
USER007,2025-01-08 21:30:24.290,26,night,anomalous,679,,,,,,,,
USER012,2025-08-23 16:34:54.142,28,night,anomalous,869,,,,,,,,
USER019,2025-01-02 06:57:05.015,-37,afternoon,anomalous,276,,,,,,,,
USER018,2025-04-05 18:12:59.886,-19,night,normal,122,,,,,,,,
USER011,2025-09-23 05:24:31.981,7,morning,normal,41,,,,,,,,
USER012,2025-01-01 20:27:57.588,-38,night,anomalous,672,,,,,,,,
USER015,2025-07-23 00:04:11.972,5,morning,anomalous,452,,,,,,,,
USER018,2025-05-26 22:23:40.125,-17,night,normal,252,,,,,,,,
USER003,2025-11-02 07:00:40.583,-2,afternoon,anomalous,155,,,,,,,,
USER002,2025-04-26 13:49:01.516,59,evening,anomalous,966,,,,,,,,
USER017,2025-12-01 00:22:17.784,-43,morning,normal,707,,,,,,,,
USER005,2025-08-01 07:09:28.641,-15,afternoon,anomalous,371,,,,,,,,
USER020,2025-09-05 15:07:44.009,-31,evening,anomalous,700,,,,,,,,
USER014,2025-03-20 05:12:55.901,-38,morning,anomalous,431,,,,,,,,
USER007,2025-03-27 23:32:33.680,-49,morning,anomalous,566,,,,,,,,
USER008,2025-07-13 12:45:18.638,5,evening,normal,133,,,,,,,,
USER001,2025-10-09 00:33:55.516,31,morning,normal,726,,,,,,,,
USER020,2025-09-27 20:29:19.133,21,night,normal,702,,,,,,,,
USER016,2025-05-24 15:03:28.020,42,evening,normal,412,,,,,,,,
USER012,2025-02-13 10:08:59.266,-15,afternoon,anomalous,541,,,,,,,,
USER006,2025-08-08 02:02:43.530,23,morning,normal,729,,,,,,,,
USER013,2025-09-14 23:17:35.244,35,night,anomalous,16,,,,,,,,
USER020,2025-12-10 23:59:47.268,-22,morning,anomalous,555,,,,,,,,
USER001,2025-10-09 21:18:29.258,-46,night,normal,740,,,,,,,,
USER008,2025-11-10 23:28:29.824,58,night,normal,156,,,,,,,,
USER009,2025-12-03 13:29:40.880,-1,evening,normal,749,,,,,,,,
USER016,2025-05-26 14:53:49.326,44,evening,anomalous,871,,,,,,,,
USER006,2025-11-27 23:37:26.958,28,morning,normal,286,,,,,,,,
USER002,2025-03-13 04:38:40.330,46,morning,normal,994,,,,,,,,
USER016,2025-08-09 05:45:20.723,46,morning,anomalous,6,,,,,,,,
USER011,2025-03-21 03:17:50.866,28,morning,normal,310,,,,,,,,
USER006,2025-11-20 10:11:14.849,-27,afternoon,anomalous,898,,,,,,,,
USER004,2025-12-20 09:27:46.325,-23,afternoon,normal,989,,,,,,,,
USER013,2025-05-05 23:29:08.187,53,night,normal,922,,,,,,,,
USER019,2025-11-10 20:09:19.185,12,night,normal,529,,,,,,,,
USER018,2025-07-07 06:04:53.705,25,morning,anomalous,110,,,,,,,,
USER008,2025-06-14 11:07:47.656,-42,afternoon,anomalous,601,,,,,,,,
USER004,2025-04-18 07:25:46.353,16,afternoon,anomalous,254,,,,,,,,
USER020,2025-04-30 21:56:48.977,-5,night,anomalous,600,,,,,,,,
USER002,2025-12-18 11:46:10.983,48,evening,anomalous,561,,,,,,,,
USER005,2025-07-01 03:36:32.467,23,morning,normal,970,,,,,,,,
USER015,2025-06-28 17:12:00.530,8,night,normal,660,,,,,,,,
USER012,2025-08-12 02:43:57.597,39,morning,normal,379,,,,,,,,
USER005,2025-07-19 03:40:46.742,-18,morning,anomalous,430,,,,,,,,
USER019,2025-04-16 15:49:12.939,-8,evening,anomalous,863,,,,,,,,
USER011,2025-08-01 04:21:12.808,-19,morning,anomalous,727,,,,,,,,
USER011,2025-04-07 17:24:08.417,53,night,anomalous,882,,,,,,,,
USER018,2025-07-09 15:09:17.768,11,evening,anomalous,895,,,,,,,,
USER015,2025-09-12 17:50:26.441,43,night,normal,143,,,,,,,,
USER005,2025-05-19 07:46:07.143,-44,afternoon,anomalous,539,,,,,,,,
USER006,2025-11-10 05:00:12.463,-20,morning,normal,865,,,,,,,,
USER016,2025-12-07 04:35:06.320,47,morning,anomalous,686,,,,,,,,
USER015,2025-05-25 14:43:58.254,9,evening,normal,789,,,,,,,,
USER008,2025-09-02 08:34:56.811,-5,afternoon,normal,943,,,,,,,,
USER006,2025-07-27 09:14:01.249,-4,afternoon,normal,256,,,,,,,,
USER016,2025-01-16 17:15:39.588,7,night,anomalous,14,,,,,,,,
USER011,2025-08-15 21:19:02.930,-12,night,normal,746,,,,,,,,
USER002,2025-06-09 12:01:11.402,-11,evening,normal,583,,,,,,,,
USER004,2025-02-13 22:07:33.083,46,night,anomalous,37,,,,,,,,
USER019,2025-03-10 07:36:00.686,12,afternoon,normal,498,,,,,,,,
USER014,2025-05-23 04:37:22.739,-26,morning,anomalous,452,,,,,,,,
USER001,2025-04-15 09:48:46.265,54,afternoon,normal,962,,,,,,,,
USER011,2025-08-26 17:55:53.919,14,night,normal,430,,,,,,,,
USER020,2025-09-06 02:43:21.635,7,morning,normal,742,,,,,,,,
USER019,2025-12-21 01:27:54.189,-48,morning,normal,208,,,,,,,,
USER019,2025-03-11 17:46:19.109,55,night,normal,404,,,,,,,,
USER003,2025-06-24 13:00:11.750,0,evening,anomalous,357,,,,,,,,
USER010,2025-01-14 01:55:17.263,-45,morning,normal,437,,,,,,,,
USER017,2025-05-19 04:42:02.519,-1,morning,anomalous,956,,,,,,,,
USER002,2025-11-24 10:17:37.423,-11,afternoon,normal,555,,,,,,,,
USER002,2025-06-17 08:15:56.850,-21,afternoon,normal,996,,,,,,,,
USER006,2025-10-11 02:23:41.305,17,morning,anomalous,788,,,,,,,,
USER011,2025-12-02 16:00:54.493,-16,evening,normal,258,,,,,,,,
USER004,2025-11-24 01:45:57.518,22,morning,anomalous,109,,,,,,,,
USER018,2025-05-18 12:00:58.113,-41,evening,normal,655,,,,,,,,
USER011,2025-02-27 01:33:03.997,-14,morning,anomalous,61,,,,,,,,
USER015,2025-07-05 22:51:36.482,22,night,anomalous,469,,,,,,,,
USER007,2025-07-07 15:38:42.278,-50,evening,normal,990,,,,,,,,
USER013,2025-04-01 00:47:05.602,17,morning,normal,788,,,,,,,,
USER016,2025-05-16 08:45:00.810,-3,afternoon,anomalous,240,,,,,,,,
USER020,2025-08-08 12:43:28.174,20,evening,anomalous,700,,,,,,,,
USER004,2025-06-21 16:05:54.838,-21,evening,normal,74,,,,,,,,
USER014,2025-07-18 10:02:21.530,35,afternoon,normal,809,,,,,,,,
USER014,2025-04-20 11:23:01.931,23,afternoon,normal,850,,,,,,,,
USER017,2025-10-17 05:04:04.660,-26,morning,anomalous,434,,,,,,,,
USER014,2025-06-20 15:18:09.465,-30,evening,normal,118,,,,,,,,
USER009,2025-07-08 11:27:39.244,3,afternoon,anomalous,556,,,,,,,,
USER017,2025-02-11 10:31:26.410,42,afternoon,normal,823,,,,,,,,
USER014,2025-11-13 04:12:22.549,59,morning,anomalous,725,,,,,,,,
USER016,2025-08-28 03:34:58.739,14,morning,anomalous,302,,,,,,,,
USER005,2025-10-19 09:17:39.259,55,afternoon,normal,723,,,,,,,,
USER011,2025-04-28 18:26:22.201,9,night,normal,133,,,,,,,,
USER003,2025-04-28 02:02:14.526,-43,morning,anomalous,823,,,,,,,,
USER017,2025-02-06 14:16:25.074,-38,evening,anomalous,446,,,,,,,,
USER019,2025-01-22 06:21:38.441,-20,morning,normal,990,,,,,,,,
USER002,2025-01-08 13:21:07.430,45,evening,normal,742,,,,,,,,
USER009,2025-07-27 20:21:12.841,18,night,anomalous,574,,,,,,,,
USER018,2025-03-09 18:42:50.469,4,night,normal,791,,,,,,,,
USER008,2025-10-31 12:00:30.036,49,evening,normal,595,,,,,,,,
USER007,2025-12-14 03:08:56.115,3,morning,normal,213,,,,,,,,
USER006,2025-04-02 02:38:05.614,-29,morning,normal,373,,,,,,,,
USER012,2025-03-09 13:25:26.531,47,evening,anomalous,780,,,,,,,,
USER014,2025-03-29 06:00:17.533,2,morning,normal,3,,,,,,,,
USER018,2025-10-19 23:44:33.221,3,morning,normal,980,,,,,,,,
USER005,2025-12-05 21:11:30.885,33,night,normal,980,,,,,,,,
USER011,2025-11-20 23:38:23.338,-15,morning,anomalous,275,,,,,,,,
USER012,2025-06-10 12:53:38.426,-20,evening,anomalous,658,,,,,,,,
USER011,2025-09-10 05:07:38.562,46,morning,anomalous,284,,,,,,,,
USER014,2025-04-03 21:21:54.083,-35,night,normal,380,,,,,,,,
USER005,2025-10-02 04:35:04.939,-20,morning,anomalous,8,,,,,,,,
USER015,2025-12-04 23:03:03.444,48,night,normal,752,,,,,,,,
USER004,2025-05-09 10:08:13.181,-3,afternoon,normal,873,,,,,,,,
USER007,2025-03-29 17:46:20.821,-39,night,normal,956,,,,,,,,
USER013,2025-11-24 02:24:17.931,-6,morning,anomalous,95,,,,,,,,
USER015,2025-04-14 09:32:03.031,-24,afternoon,anomalous,743,,,,,,,,
USER019,2025-02-03 02:36:08.359,-8,morning,anomalous,343,,,,,,,,
USER005,2025-08-02 11:08:01.294,-7,afternoon,anomalous,778,,,,,,,,
USER010,2025-03-14 17:33:34.445,-19,night,normal,984,,,,,,,,
USER008,2025-10-05 18:49:24.085,36,night,normal,342,,,,,,,,
USER003,2025-12-07 23:30:01.510,0,morning,anomalous,687,,,,,,,,
USER005,2025-11-03 13:07:38.306,-17,evening,normal,994,,,,,,,,
USER001,2025-10-22 08:19:47.301,24,afternoon,normal,989,,,,,,,,
USER014,2025-12-23 18:26:39.507,56,night,anomalous,799,,,,,,,,
USER014,2025-05-10 08:54:15.821,-3,afternoon,anomalous,26,,,,,,,,
USER020,2025-03-13 22:23:47.770,27,night,normal,507,,,,,,,,
USER012,2025-10-05 02:45:04.291,4,morning,anomalous,707,,,,,,,,
USER015,2025-12-26 04:13:06.160,47,morning,anomalous,706,,,,,,,,
USER002,2025-09-03 17:29:03.931,-42,night,normal,515,,,,,,,,
USER019,2025-04-29 11:53:24.795,28,evening,anomalous,656,,,,,,,,
USER016,2025-05-25 21:32:13.420,3,night,normal,653,,,,,,,,
USER007,2025-06-07 09:53:40.458,53,afternoon,normal,750,,,,,,,,
USER010,2025-05-29 04:14:57.074,42,morning,anomalous,275,,,,,,,,
USER017,2025-04-02 22:28:09.040,-7,night,anomalous,915,,,,,,,,
USER008,2025-11-24 04:53:23.694,29,morning,normal,766,,,,,,,,
USER013,2025-02-06 16:36:40.602,31,night,anomalous,834,,,,,,,,
USER018,2025-03-13 13:55:36.636,-4,evening,anomalous,115,,,,,,,,
USER018,2025-09-01 08:29:47.177,-29,afternoon,anomalous,596,,,,,,,,
USER001,2025-05-09 03:37:38.371,-36,morning,normal,673,,,,,,,,
USER017,2025-01-19 18:58:58.416,-15,night,normal,100,,,,,,,,
USER006,2025-08-11 14:30:46.661,-15,evening,anomalous,289,,,,,,,,
USER013,2025-02-08 09:36:20.968,-44,afternoon,normal,290,,,,,,,,
USER015,2025-08-03 17:43:42.091,-7,night,anomalous,321,,,,,,,,
USER018,2025-01-18 23:50:23.422,-43,morning,anomalous,112,,,,,,,,
USER019,2025-01-21 14:06:04.835,-46,evening,anomalous,600,,,,,,,,
USER005,2025-11-06 11:49:46.114,16,evening,normal,310,,,,,,,,
USER006,2025-07-31 19:50:19.244,33,night,normal,531,,,,,,,,
USER017,2025-04-19 00:48:18.012,13,morning,normal,592,,,,,,,,
USER001,2025-08-12 15:31:00.858,48,evening,anomalous,818,,,,,,,,
USER006,2025-12-02 15:43:15.025,28,evening,anomalous,829,,,,,,,,
USER018,2025-04-24 23:45:29.921,-39,morning,normal,995,,,,,,,,
USER008,2025-05-08 07:41:34.312,53,afternoon,normal,172,,,,,,,,
USER001,2025-08-12 23:07:16.932,57,night,normal,355,,,,,,,,
USER013,2025-11-05 12:34:51.962,-49,evening,normal,614,,,,,,,,
USER013,2025-10-03 20:39:26.101,-38,night,normal,474,,,,,,,,
USER003,2025-10-20 22:32:51.188,21,night,anomalous,526,,,,,,,,
USER004,2025-07-22 04:23:01.582,26,morning,anomalous,552,,,,,,,,
USER001,2025-09-09 13:41:17.688,42,evening,normal,662,,,,,,,,
USER020,2025-05-28 06:22:38.817,10,morning,normal,563,,,,,,,,
USER015,2025-09-13 23:41:36.294,30,morning,normal,456,,,,,,,,
USER020,2025-01-19 10:10:35.853,-5,afternoon,anomalous,397,,,,,,,,
USER012,2025-10-08 16:42:38.507,-39,night,anomalous,539,,,,,,,,
USER020,2025-07-04 12:08:07.879,58,evening,normal,592,,,,,,,,
USER006,2025-04-14 08:00:34.991,37,afternoon,anomalous,828,,,,,,,,
USER017,2025-11-05 23:53:18.389,34,morning,normal,551,,,,,,,,
USER003,2025-01-11 23:03:19.791,-17,night,normal,980,,,,,,,,
USER019,2025-12-25 14:00:25.221,57,evening,normal,134,,,,,,,,
USER013,2025-10-18 04:49:19.952,11,morning,anomalous,904,,,,,,,,
USER015,2025-11-19 18:24:38.226,-38,night,normal,817,,,,,,,,
USER007,2025-06-28 21:14:30.210,0,night,normal,728,,,,,,,,
USER007,2025-11-11 02:57:11.643,-29,morning,normal,890,,,,,,,,
USER011,2025-05-25 09:15:53.389,-34,afternoon,anomalous,522,,,,,,,,
USER019,2025-02-13 21:47:13.853,54,night,anomalous,131,,,,,,,,
USER004,2025-04-26 09:02:51.660,18,afternoon,normal,762,,,,,,,,
USER016,2025-12-04 20:23:05.058,16,night,normal,230,,,,,,,,
USER010,2025-08-07 10:15:42.873,8,afternoon,anomalous,755,,,,,,,,
USER002,2025-04-21 10:06:35.749,23,afternoon,anomalous,75,,,,,,,,
USER003,2025-05-07 19:43:03.307,-20,night,normal,590,,,,,,,,
USER014,2025-08-13 05:55:15.168,-39,morning,anomalous,804,,,,,,,,
USER003,2025-10-24 20:46:28.946,-8,night,anomalous,273,,,,,,,,
USER008,2025-02-10 18:05:15.274,44,night,anomalous,765,,,,,,,,
USER020,2025-07-10 05:37:04.538,21,morning,normal,605,,,,,,,,
USER001,2025-04-17 22:19:46.269,-14,night,normal,987,,,,,,,,
USER017,2025-02-10 18:52:44.607,10,night,normal,980,,,,,,,,
USER016,2025-06-29 06:13:09.387,35,morning,anomalous,86,,,,,,,,
USER017,2025-02-06 10:53:00.135,-38,afternoon,anomalous,54,,,,,,,,
USER018,2025-10-30 04:16:45.652,38,morning,normal,651,,,,,,,,
USER020,2025-07-21 15:31:25.614,-46,evening,normal,221,,,,,,,,
USER007,2025-02-20 04:53:58.324,-15,morning,anomalous,592,,,,,,,,
USER020,2025-11-13 07:31:26.222,52,afternoon,anomalous,188,,,,,,,,
USER016,2025-06-10 20:10:47.021,40,night,normal,854,,,,,,,,
USER005,2025-03-09 15:25:16.307,6,evening,normal,214,,,,,,,,
USER015,2025-09-09 07:17:00.263,-3,afternoon,normal,206,,,,,,,,
USER012,2025-07-18 06:01:07.511,-14,morning,anomalous,587,,,,,,,,
USER002,2025-08-15 19:19:34.456,-10,night,anomalous,140,,,,,,,,
USER011,2025-06-26 14:48:35.875,-5,evening,normal,469,,,,,,,,
USER007,2025-06-02 00:33:55.853,7,morning,normal,66,,,,,,,,
USER006,2025-09-12 12:33:41.593,-46,evening,normal,985,,,,,,,,
USER016,2025-02-17 02:08:11.736,-2,morning,anomalous,674,,,,,,,,
USER020,2025-11-04 04:20:18.787,57,morning,anomalous,297,,,,,,,,
USER010,2025-04-20 03:11:38.801,-38,morning,anomalous,387,,,,,,,,
USER017,2025-06-25 07:23:44.215,50,afternoon,normal,473,,,,,,,,
USER010,2025-02-14 01:12:51.842,27,morning,anomalous,433,,,,,,,,
USER015,2025-11-29 16:34:49.551,-35,night,normal,962,,,,,,,,
USER011,2025-04-28 05:56:19.909,-35,morning,anomalous,298,,,,,,,,
USER014,2025-05-17 23:07:37.153,55,night,anomalous,720,,,,,,,,
USER010,2025-12-01 12:04:36.173,-12,evening,anomalous,481,,,,,,,,
USER019,2025-07-31 14:35:14.697,34,evening,normal,412,,,,,,,,
USER011,2025-07-06 09:36:19.895,4,afternoon,anomalous,150,,,,,,,,
USER020,2025-08-15 04:29:06.788,-10,morning,anomalous,73,,,,,,,,
USER019,2025-01-18 00:03:31.851,25,morning,anomalous,856,,,,,,,,
USER018,2025-06-29 11:15:10.117,58,afternoon,anomalous,447,,,,,,,,
USER018,2025-03-14 12:39:55.308,53,evening,normal,905,,,,,,,,
USER012,2025-05-04 22:49:06.185,-41,night,normal,187,,,,,,,,
USER005,2025-07-08 22:21:46.377,57,night,normal,322,,,,,,,,
USER005,2025-05-22 16:38:11.580,-18,night,normal,984,,,,,,,,
USER015,2025-02-03 10:32:20.921,-14,afternoon,normal,960,,,,,,,,
USER005,2025-02-16 23:22:10.591,54,night,normal,943,,,,,,,,
USER019,2025-10-09 17:11:15.650,0,night,normal,48,,,,,,,,
USER009,2025-11-03 16:37:54.416,-22,night,anomalous,665,,,,,,,,
USER010,2025-07-27 16:05:18.794,16,evening,normal,854,,,,,,,,
USER014,2025-01-30 12:20:20.155,41,evening,anomalous,781,,,,,,,,
USER016,2025-09-27 05:58:21.969,-25,morning,anomalous,3,,,,,,,,
USER014,2025-04-12 20:49:04.664,33,night,anomalous,945,,,,,,,,
USER002,2025-08-05 04:50:25.914,6,morning,anomalous,512,,,,,,,,
USER019,2025-11-09 16:34:56.215,57,night,normal,50,,,,,,,,
USER003,2025-03-24 14:00:41.136,-39,evening,anomalous,789,,,,,,,,
USER002,2025-01-21 07:47:35.062,37,afternoon,normal,788,,,,,,,,
USER019,2025-07-20 08:17:27.471,58,afternoon,normal,177,,,,,,,,
USER007,2025-02-28 04:27:11.796,32,morning,anomalous,573,,,,,,,,
USER013,2025-07-13 09:20:13.651,-28,afternoon,anomalous,512,,,,,,,,
USER002,2025-09-30 05:34:40.808,-13,morning,anomalous,444,,,,,,,,
USER018,2025-11-10 22:59:23.405,24,night,anomalous,363,,,,,,,,
USER003,2025-01-18 07:00:52.346,22,afternoon,anomalous,716,,,,,,,,
USER009,2025-07-21 23:25:07.990,39,night,normal,592,,,,,,,,
USER015,2025-03-20 10:02:52.715,-23,afternoon,normal,453,,,,,,,,
USER003,2025-10-20 21:56:17.795,-30,night,anomalous,21,,,,,,,,
USER015,2025-03-16 00:53:22.892,-22,morning,anomalous,693,,,,,,,,
USER018,2025-03-30 14:27:30.125,47,evening,normal,175,,,,,,,,
USER019,2025-09-06 09:47:53.075,-10,afternoon,normal,698,,,,,,,,
USER014,2025-05-29 21:10:19.817,-47,night,normal,381,,,,,,,,
USER014,2025-12-04 00:45:46.907,26,morning,normal,484,,,,,,,,
USER018,2025-07-20 06:57:35.945,-38,afternoon,normal,471,,,,,,,,
USER007,2025-08-02 16:16:38.402,-1,evening,normal,157,,,,,,,,
USER007,2025-12-03 11:38:45.927,-21,evening,anomalous,711,,,,,,,,
USER020,2025-02-02 22:18:19.208,56,night,anomalous,928,,,,,,,,
USER008,2025-05-12 15:19:45.636,47,evening,normal,242,,,,,,,,
USER011,2025-07-03 10:35:07.935,-41,afternoon,anomalous,283,,,,,,,,
USER004,2025-12-15 00:10:24.222,42,morning,anomalous,478,,,,,,,,
USER007,2025-12-30 05:07:34.339,42,morning,normal,106,,,,,,,,
USER013,2025-02-05 11:07:27.087,-3,afternoon,anomalous,554,,,,,,,,
USER001,2025-02-03 14:58:34.717,-48,evening,normal,516,,,,,,,,
USER016,2025-01-06 00:23:22.822,-17,morning,normal,225,,,,,,,,
USER014,2025-02-23 19:30:26.026,23,night,anomalous,96,,,,,,,,
USER013,2025-06-19 04:01:00.342,24,morning,normal,810,,,,,,,,
USER019,2025-10-18 17:42:05.549,-14,night,normal,846,,,,,,,,
USER003,2025-12-26 07:23:34.354,-2,afternoon,normal,937,,,,,,,,
USER006,2025-02-02 21:44:30.271,-4,night,anomalous,628,,,,,,,,
USER020,2025-10-05 23:11:39.217,59,night,normal,24,,,,,,,,
USER009,2025-04-18 21:38:23.200,46,night,normal,744,,,,,,,,
USER005,2025-08-27 15:46:34.110,14,evening,anomalous,262,,,,,,,,
USER009,2025-04-10 09:53:04.841,46,afternoon,anomalous,742,,,,,,,,
USER008,2025-09-26 00:05:38.033,56,morning,normal,246,,,,,,,,
USER003,2025-05-08 14:51:33.271,-13,evening,normal,987,,,,,,,,
USER015,2025-08-20 00:14:10.442,-37,morning,normal,663,,,,,,,,
USER001,2025-11-02 00:20:51.714,-4,morning,normal,738,,,,,,,,
USER006,2025-03-01 23:15:17.093,-6,night,anomalous,943,,,,,,,,
USER003,2025-11-30 02:34:15.198,20,morning,anomalous,153,,,,,,,,
USER017,2025-03-08 00:39:48.317,-17,morning,anomalous,34,,,,,,,,
USER008,2025-08-12 15:21:01.459,-2,evening,normal,780,,,,,,,,
USER005,2025-01-11 05:28:29.679,-31,morning,anomalous,475,,,,,,,,
USER019,2025-08-07 17:56:44.539,14,night,anomalous,26,,,,,,,,
USER013,2025-06-14 17:50:25.232,7,night,normal,573,,,,,,,,
USER016,2025-03-15 11:14:32.493,51,afternoon,anomalous,428,,,,,,,,
USER001,2025-08-15 13:32:45.633,-27,evening,normal,836,,,,,,,,
USER020,2025-07-27 03:11:54.067,2,morning,anomalous,327,,,,,,,,
USER012,2025-08-28 06:27:14.229,-8,morning,normal,210,,,,,,,,
USER002,2025-04-13 11:18:39.992,10,afternoon,anomalous,879,,,,,,,,
USER001,2025-02-21 20:06:13.455,-5,night,anomalous,476,,,,,,,,
USER012,2025-06-02 12:25:19.667,43,evening,anomalous,481,,,,,,,,
USER020,2025-11-12 02:13:30.936,-15,morning,anomalous,962,,,,,,,,
USER003,2025-02-22 17:33:03.696,53,night,normal,649,,,,,,,,
USER010,2025-08-20 21:14:54.359,-25,night,normal,188,,,,,,,,
USER019,2025-02-17 15:52:28.363,-3,evening,anomalous,746,,,,,,,,
USER003,2025-11-25 03:07:19.634,5,morning,anomalous,755,,,,,,,,
USER005,2025-08-27 22:45:41.055,18,night,anomalous,105,,,,,,,,
USER005,2025-06-13 16:14:17.122,-40,evening,normal,118,,,,,,,,
USER004,2025-05-09 15:43:38.052,-1,evening,anomalous,852,,,,,,,,
USER012,2025-04-18 17:45:18.807,-15,night,normal,719,,,,,,,,
USER019,2025-11-22 07:38:53.898,-18,afternoon,normal,349,,,,,,,,
USER007,2025-10-21 06:22:23.172,39,morning,normal,437,,,,,,,,
USER005,2025-08-11 15:52:07.560,-39,evening,normal,257,,,,,,,,
USER015,2025-02-08 14:16:02.571,20,evening,anomalous,630,,,,,,,,
USER005,2025-06-28 06:53:33.323,11,afternoon,anomalous,158,,,,,,,,
USER003,2025-01-24 18:39:14.602,23,night,normal,356,,,,,,,,
USER017,2025-04-03 00:01:35.989,-34,morning,normal,993,,,,,,,,
USER002,2025-05-06 17:38:00.390,55,night,normal,721,,,,,,,,
USER006,2025-08-25 08:12:58.787,-18,afternoon,normal,151,,,,,,,,
USER003,2025-09-09 13:45:10.400,-3,evening,anomalous,720,,,,,,,,
USER017,2025-11-24 15:20:18.363,-18,evening,normal,810,,,,,,,,
USER008,2025-03-14 16:50:17.820,22,night,normal,396,,,,,,,,
USER002,2025-05-19 05:40:20.089,-27,morning,normal,77,,,,,,,,
USER018,2025-10-02 11:02:14.207,58,afternoon,normal,315,,,,,,,,
USER019,2025-12-28 23:53:28.585,-21,morning,normal,99,,,,,,,,
USER012,2025-01-10 21:24:49.398,50,night,anomalous,639,,,,,,,,
USER006,2025-07-06 18:43:00.549,48,night,normal,228,,,,,,,,
USER013,2025-08-01 08:06:24.489,49,afternoon,normal,455,,,,,,,,
USER018,2025-05-04 10:30:46.135,49,afternoon,anomalous,332,,,,,,,,
USER008,2025-03-26 17:46:07.060,58,night,anomalous,473,,,,,,,,
USER017,2025-12-13 09:49:45.931,24,afternoon,anomalous,950,,,,,,,,
USER001,2025-03-18 08:18:09.047,-2,afternoon,anomalous,913,,,,,,,,
USER018,2025-07-24 10:56:49.220,59,afternoon,anomalous,22,,,,,,,,
USER014,2025-08-12 06:35:01.532,51,afternoon,normal,104,,,,,,,,
USER013,2025-01-28 16:31:04.302,54,night,anomalous,145,,,,,,,,
USER017,2025-06-16 20:35:27.407,-35,night,anomalous,582,,,,,,,,
USER017,2025-06-21 13:46:35.124,-26,evening,anomalous,945,,,,,,,,
USER020,2025-05-20 06:00:34.068,12,morning,anomalous,503,,,,,,,,
USER011,2025-11-01 10:34:51.184,-48,afternoon,anomalous,373,,,,,,,,
USER002,2025-06-22 05:17:24.681,36,morning,anomalous,113,,,,,,,,
USER003,2025-05-06 16:56:21.911,3,night,anomalous,101,,,,,,,,
USER013,2025-04-20 15:33:21.589,-31,evening,anomalous,666,,,,,,,,
USER001,2025-01-22 19:20:43.120,24,night,normal,391,,,,,,,,
USER001,2025-07-17 22:11:24.357,-18,night,normal,427,,,,,,,,
USER016,2025-06-27 12:15:44.122,-45,evening,anomalous,184,,,,,,,,
USER017,2025-08-06 02:48:26.572,24,morning,normal,657,,,,,,,,
USER012,2025-02-14 05:15:44.585,17,morning,normal,370,,,,,,,,
USER006,2025-06-19 14:47:15.347,4,evening,normal,162,,,,,,,,
USER007,2025-01-14 12:37:01.172,34,evening,normal,537,,,,,,,,
USER006,2025-07-29 14:15:14.747,-46,evening,normal,928,,,,,,,,
USER008,2025-04-02 14:19:15.900,4,evening,normal,866,,,,,,,,
USER017,2025-12-22 06:54:45.157,28,afternoon,normal,913,,,,,,,,
USER001,2025-11-25 03:08:46.227,-18,morning,anomalous,500,,,,,,,,
USER005,2025-10-15 22:32:32.363,9,night,normal,108,,,,,,,,
USER012,2025-12-09 20:26:51.114,-30,night,anomalous,78,,,,,,,,
USER009,2025-11-10 18:44:02.885,-31,night,normal,795,,,,,,,,
USER019,2025-06-08 10:58:51.126,-40,afternoon,anomalous,469,,,,,,,,
USER004,2025-04-26 05:16:14.801,-19,morning,normal,92,,,,,,,,
USER017,2025-05-25 03:06:47.707,-31,morning,anomalous,954,,,,,,,,
USER018,2025-05-06 08:45:29.948,28,afternoon,anomalous,460,,,,,,,,
USER004,2025-02-26 02:39:12.995,-39,morning,normal,325,,,,,,,,
USER009,2025-02-27 12:07:32.033,-18,evening,normal,435,,,,,,,,
USER016,2025-12-09 12:44:43.174,39,evening,anomalous,547,,,,,,,,
USER007,2025-04-11 00:23:10.260,-40,morning,anomalous,599,,,,,,,,
USER001,2025-09-29 22:43:37.639,-27,night,anomalous,486,,,,,,,,
USER018,2025-04-18 15:56:40.452,36,evening,normal,297,,,,,,,,
USER012,2025-04-04 11:45:50.594,30,evening,anomalous,679,,,,,,,,
USER014,2025-05-28 17:06:10.657,4,night,anomalous,27,,,,,,,,
USER016,2025-01-14 06:09:40.302,20,morning,normal,174,,,,,,,,
USER002,2025-10-15 09:45:34.132,2,afternoon,anomalous,140,,,,,,,,
USER003,2025-08-02 05:07:14.861,-40,morning,anomalous,416,,,,,,,,
USER017,2025-03-20 23:00:09.157,34,night,normal,900,,,,,,,,
USER020,2025-07-28 17:43:39.016,-14,night,normal,244,,,,,,,,
USER016,2025-03-03 01:14:15.179,-10,morning,anomalous,525,,,,,,,,
USER003,2025-09-08 15:56:17.459,-20,evening,normal,251,,,,,,,,
USER003,2025-02-24 03:41:59.922,29,morning,normal,536,,,,,,,,
USER002,2025-09-20 13:28:40.457,13,evening,anomalous,140,,,,,,,,
USER019,2025-10-12 01:48:17.600,-35,morning,normal,541,,,,,,,,
USER014,2025-07-10 06:52:04.946,57,afternoon,normal,95,,,,,,,,
USER001,2025-01-24 04:56:42.415,-15,morning,normal,211,,,,,,,,
USER007,2025-08-08 15:13:48.022,21,evening,anomalous,244,,,,,,,,
USER010,2025-01-03 07:29:10.069,29,afternoon,normal,494,,,,,,,,
USER005,2025-09-20 21:08:38.535,5,night,anomalous,145,,,,,,,,
USER006,2025-12-03 06:32:47.364,-33,afternoon,anomalous,275,,,,,,,,
USER004,2025-04-19 03:10:51.467,-30,morning,normal,29,,,,,,,,
USER014,2025-04-15 01:48:56.959,-12,morning,anomalous,130,,,,,,,,
USER015,2025-01-02 11:56:39.352,10,evening,anomalous,437,,,,,,,,
USER003,2025-04-10 01:46:40.806,42,morning,anomalous,32,,,,,,,,
USER019,2025-06-20 20:10:14.991,-2,night,anomalous,241,,,,,,,,
USER006,2025-06-05 04:46:48.430,0,morning,anomalous,477,,,,,,,,
USER004,2025-03-26 02:54:03.434,4,morning,normal,604,,,,,,,,
USER017,2025-11-27 16:35:38.950,-27,night,normal,993,,,,,,,,
USER014,2025-01-02 04:18:20.323,25,morning,normal,171,,,,,,,,
USER018,2025-03-04 18:25:01.374,-40,night,normal,103,,,,,,,,
USER009,2025-07-24 12:10:20.241,28,evening,normal,447,,,,,,,,
USER019,2025-12-21 07:22:18.952,-29,afternoon,normal,69,,,,,,,,
USER016,2025-05-30 16:01:02.381,-10,evening,normal,117,,,,,,,,
USER019,2025-03-29 00:48:59.436,-40,morning,anomalous,326,,,,,,,,
USER004,2025-06-21 16:21:05.190,49,evening,normal,35,,,,,,,,
USER016,2025-09-12 05:10:46.354,-39,morning,anomalous,510,,,,,,,,
USER019,2025-07-31 08:00:29.346,-39,afternoon,anomalous,3,,,,,,,,
USER006,2025-01-22 05:23:03.589,34,morning,normal,422,,,,,,,,
USER003,2025-09-10 13:03:32.028,-35,evening,normal,621,,,,,,,,
USER001,2025-01-02 13:50:45.321,50,evening,normal,745,,,,,,,,
USER016,2025-11-27 18:28:04.633,-40,night,normal,284,,,,,,,,
USER008,2025-06-07 08:39:01.891,6,afternoon,normal,15,,,,,,,,
USER002,2025-03-23 21:27:27.507,19,night,anomalous,821,,,,,,,,
USER014,2025-08-16 18:37:44.361,-3,night,normal,607,,,,,,,,
USER020,2025-02-12 15:36:21.588,49,evening,normal,948,,,,,,,,
USER018,2025-07-07 23:54:24.759,19,morning,normal,842,,,,,,,,
USER006,2025-09-28 01:22:57.513,-23,morning,anomalous,999,,,,,,,,
USER010,2025-04-11 00:57:29.776,-42,morning,normal,67,,,,,,,,
USER020,2025-01-17 14:41:24.270,48,evening,anomalous,583,,,,,,,,
USER012,2025-06-30 12:16:19.264,4,evening,anomalous,268,,,,,,,,
USER010,2025-08-17 22:06:18.201,34,night,anomalous,923,,,,,,,,
USER014,2025-09-28 10:11:04.180,-25,afternoon,normal,456,,,,,,,,
USER020,2025-12-07 05:29:36.467,45,morning,normal,609,,,,,,,,
USER008,2025-09-07 21:10:57.812,-27,night,anomalous,583,,,,,,,,
USER003,2025-10-26 16:24:33.859,8,evening,anomalous,114,,,,,,,,
USER015,2025-11-18 22:42:11.025,2,night,normal,770,,,,,,,,
USER012,2025-04-10 16:35:50.888,38,night,anomalous,976,,,,,,,,
USER014,2025-09-11 00:40:05.544,23,morning,anomalous,215,,,,,,,,
USER020,2025-12-20 14:04:15.891,59,evening,anomalous,484,,,,,,,,
USER006,2025-11-18 03:12:46.637,32,morning,anomalous,179,,,,,,,,
USER017,2025-10-10 21:06:38.462,-13,night,anomalous,994,,,,,,,,
USER006,2025-01-14 05:23:28.298,-25,morning,anomalous,676,,,,,,,,
USER009,2025-04-29 12:02:20.647,-1,evening,normal,666,,,,,,,,
USER013,2025-05-15 16:35:55.647,53,night,anomalous,351,,,,,,,,
USER020,2025-03-20 18:40:55.759,-29,night,normal,36,,,,,,,,
USER003,2025-01-15 14:02:09.921,-39,evening,normal,525,,,,,,,,
USER004,2025-05-09 16:26:31.484,24,evening,anomalous,405,,,,,,,,
USER003,2025-06-16 12:47:05.287,57,evening,anomalous,481,,,,,,,,
USER015,2025-07-01 15:45:19.431,58,evening,anomalous,180,,,,,,,,
USER003,2025-01-26 13:17:41.215,51,evening,anomalous,410,,,,,,,,
USER018,2025-04-25 17:16:03.632,30,night,anomalous,849,,,,,,,,
USER017,2025-08-03 20:20:10.178,-35,night,normal,153,,,,,,,,
USER015,2025-07-07 06:16:25.883,-33,morning,normal,859,,,,,,,,
USER018,2025-08-05 01:46:38.208,-45,morning,normal,25,,,,,,,,
USER002,2025-11-29 05:08:36.970,4,morning,normal,705,,,,,,,,
USER017,2025-06-05 16:08:06.176,25,evening,anomalous,860,,,,,,,,
USER016,2025-12-30 03:26:06.062,-46,morning,normal,787,,,,,,,,
USER002,2025-07-12 19:29:01.388,-28,night,normal,781,,,,,,,,
USER018,2025-08-09 01:40:18.375,-46,morning,anomalous,907,,,,,,,,
USER008,2025-05-26 14:38:15.209,36,evening,anomalous,845,,,,,,,,
USER007,2025-07-13 19:54:36.239,59,night,anomalous,497,,,,,,,,
USER019,2025-06-11 08:54:09.375,-32,afternoon,normal,118,,,,,,,,
USER005,2025-06-26 17:36:11.269,-17,night,normal,650,,,,,,,,
USER020,2025-03-26 16:12:46.818,43,evening,normal,721,,,,,,,,
USER013,2025-06-22 05:20:21.034,-23,morning,normal,210,,,,,,,,
USER016,2025-11-07 09:33:32.832,32,afternoon,normal,32,,,,,,,,
USER009,2025-07-04 23:35:42.511,-25,morning,normal,314,,,,,,,,
USER009,2025-12-12 14:53:16.180,-20,evening,anomalous,290,,,,,,,,
USER006,2025-04-08 20:19:52.376,5,night,anomalous,876,,,,,,,,
USER001,2025-06-04 09:58:34.795,-14,afternoon,anomalous,956,,,,,,,,
USER005,2025-10-02 08:06:10.283,-1,afternoon,normal,969,,,,,,,,
USER009,2025-08-14 18:53:03.117,56,night,normal,451,,,,,,,,
USER001,2025-08-15 11:23:29.692,-49,afternoon,anomalous,245,,,,,,,,
USER006,2025-05-11 16:28:08.015,-50,evening,normal,599,,,,,,,,
USER009,2025-06-17 13:25:57.657,41,evening,normal,879,,,,,,,,
USER014,2025-01-06 21:53:39.141,-43,night,normal,268,,,,,,,,
USER006,2025-03-20 03:38:17.466,-15,morning,anomalous,654,,,,,,,,
USER006,2025-07-29 19:55:43.174,55,night,anomalous,629,,,,,,,,
USER009,2025-08-12 23:52:05.945,-26,morning,normal,994,,,,,,,,
USER006,2025-11-21 09:02:11.972,-19,afternoon,normal,627,,,,,,,,
USER011,2025-10-22 18:57:01.302,45,night,normal,300,,,,,,,,
USER010,2025-09-26 18:07:54.503,-49,night,anomalous,438,,,,,,,,
USER020,2025-04-19 14:58:29.824,32,evening,anomalous,568,,,,,,,,
USER017,2025-06-02 03:36:56.558,-50,morning,anomalous,348,,,,,,,,
USER008,2025-02-15 01:01:45.757,52,morning,anomalous,458,,,,,,,,
USER013,2025-08-30 18:57:15.625,42,night,normal,836,,,,,,,,
USER019,2025-06-30 05:47:23.526,13,morning,anomalous,175,,,,,,,,
USER006,2025-11-28 16:45:31.260,2,night,normal,974,,,,,,,,
USER008,2025-10-18 02:41:49.723,37,morning,anomalous,283,,,,,,,,
USER007,2025-03-22 13:41:34.695,44,evening,normal,985,,,,,,,,
USER005,2025-02-12 23:38:52.983,-24,morning,anomalous,155,,,,,,,,
USER008,2025-04-25 13:27:45.997,56,evening,normal,487,,,,,,,,
USER009,2025-01-30 13:52:40.673,-7,evening,normal,700,,,,,,,,
USER018,2025-09-28 01:00:28.143,20,morning,anomalous,411,,,,,,,,
USER018,2025-04-12 05:18:21.107,-41,morning,normal,685,,,,,,,,
USER006,2025-02-13 22:36:13.771,39,night,normal,109,,,,,,,,
USER011,2025-01-01 12:28:40.892,-11,evening,normal,862,,,,,,,,
USER017,2025-08-23 18:46:36.382,36,night,normal,879,,,,,,,,
USER014,2025-12-07 03:36:01.089,1,morning,anomalous,475,,,,,,,,
USER002,2025-08-23 03:58:15.444,-45,morning,anomalous,856,,,,,,,,
USER016,2025-02-24 13:07:27.976,-4,evening,anomalous,415,,,,,,,,
USER008,2025-11-07 10:55:20.800,-48,afternoon,anomalous,367,,,,,,,,
USER003,2025-01-14 07:06:16.257,57,afternoon,anomalous,10,,,,,,,,
USER006,2025-08-07 07:35:48.784,-21,afternoon,normal,557,,,,,,,,
USER016,2025-08-02 05:26:10.819,-33,morning,normal,800,,,,,,,,
USER011,2025-01-19 19:59:33.322,37,night,normal,339,,,,,,,,
USER006,2025-03-06 00:01:01.278,36,morning,anomalous,228,,,,,,,,
USER001,2025-11-30 21:44:47.115,0,night,anomalous,731,,,,,,,,
USER012,2025-11-04 08:01:17.549,57,afternoon,anomalous,201,,,,,,,,
USER002,2025-03-02 07:17:10.458,-38,afternoon,anomalous,968,,,,,,,,
USER005,2025-02-09 20:57:57.063,-8,night,normal,634,,,,,,,,
USER003,2025-10-16 12:45:31.607,2,evening,normal,74,,,,,,,,
USER006,2025-04-17 10:21:41.958,41,afternoon,anomalous,191,,,,,,,,
USER008,2025-08-27 00:22:03.056,8,morning,normal,806,,,,,,,,
USER007,2025-01-05 03:54:45.117,53,morning,normal,648,,,,,,,,
USER006,2025-09-07 12:50:53.806,7,evening,anomalous,927,,,,,,,,
USER003,2025-08-29 22:42:28.924,53,night,normal,285,,,,,,,,
USER009,2025-01-20 12:53:47.054,38,evening,anomalous,906,,,,,,,,
USER020,2025-01-29 14:44:14.640,9,evening,anomalous,835,,,,,,,,
USER014,2025-10-15 09:44:40.954,15,afternoon,anomalous,237,,,,,,,,
USER016,2025-11-19 07:13:27.549,15,afternoon,normal,216,,,,,,,,
USER017,2025-05-06 12:45:19.076,15,evening,anomalous,113,,,,,,,,
USER012,2025-07-05 19:51:20.233,-45,night,anomalous,793,,,,,,,,
USER002,2025-07-24 20:19:20.259,46,night,normal,780,,,,,,,,
USER011,2025-02-07 00:48:29.438,-43,morning,anomalous,230,,,,,,,,
USER002,2025-05-05 08:24:00.508,-42,afternoon,anomalous,153,,,,,,,,
USER500,2025-11-06 22:14:42.146,25,morning,,150,0.4,,normal,10.0,0.6,0.6,2025-11-07 03:45:38.960,False
USER018,2025-04-22 10:32:11.700,-14,afternoon,normal,387,,,,,,,,
USER011,2025-04-28 17:39:20.946,53,night,normal,426,,,,,,,,
USER008,2025-11-04 09:03:28.676,-9,afternoon,normal,552,,,,,,,,
USER013,2025-03-17 10:39:05.162,8,afternoon,normal,18,,,,,,,,
USER011,2025-03-10 21:01:06.476,58,night,normal,816,,,,,,,,
USER015,2025-04-02 22:33:39.700,-26,night,anomalous,336,,,,,,,,
USER016,2025-04-03 08:14:10.012,-42,afternoon,normal,154,,,,,,,,
USER004,2025-10-31 17:05:57.758,-20,night,normal,30,,,,,,,,
USER001,2025-08-30 16:23:05.951,-47,evening,normal,324,,,,,,,,
USER005,2025-04-23 12:00:17.032,-17,evening,anomalous,303,,,,,,,,
USER018,2025-06-25 07:25:01.735,-20,afternoon,normal,616,,,,,,,,
USER015,2025-07-09 20:22:30.497,6,night,normal,352,,,,,,,,
USER011,2025-09-05 14:59:21.823,-4,evening,normal,922,,,,,,,,
USER018,2025-08-27 18:46:33.947,5,night,anomalous,364,,,,,,,,
USER020,2025-11-15 14:07:14.089,-19,evening,normal,973,,,,,,,,
USER019,2025-03-12 16:24:43.377,-21,evening,anomalous,259,,,,,,,,
USER014,2025-04-06 13:48:44.616,-43,evening,anomalous,73,,,,,,,,
USER018,2025-08-27 02:07:26.026,53,morning,anomalous,183,,,,,,,,
USER002,2025-01-25 20:22:49.778,39,night,anomalous,80,,,,,,,,
USER018,2025-10-26 22:26:31.128,-47,night,normal,688,,,,,,,,
USER020,2025-03-29 18:24:50.137,22,night,anomalous,937,,,,,,,,
USER010,2025-10-14 10:15:23.385,37,afternoon,normal,11,,,,,,,,
USER012,2025-09-05 02:29:47.371,4,morning,anomalous,2,,,,,,,,
USER003,2025-08-21 07:54:23.753,32,afternoon,normal,480,,,,,,,,
USER009,2025-01-25 01:25:34.616,-33,morning,normal,903,,,,,,,,
USER020,2025-07-07 03:50:45.607,-20,morning,normal,898,,,,,,,,
USER014,2025-05-19 14:21:12.306,18,evening,normal,878,,,,,,,,
USER003,2025-05-14 19:47:00.274,-27,night,anomalous,415,,,,,,,,
USER013,2025-10-24 07:50:28.722,-33,afternoon,normal,235,,,,,,,,
USER014,2025-05-15 12:35:15.894,12,evening,normal,570,,,,,,,,
USER017,2025-03-15 12:45:27.547,16,evening,anomalous,464,,,,,,,,
USER001,2025-08-04 13:30:29.811,12,evening,normal,328,,,,,,,,
USER010,2025-01-23 08:47:54.761,56,afternoon,normal,286,,,,,,,,
USER020,2025-09-16 07:56:30.243,21,afternoon,anomalous,870,,,,,,,,
USER007,2025-05-06 06:34:21.057,35,afternoon,anomalous,541,,,,,,,,
USER008,2025-10-24 11:40:10.939,24,evening,normal,740,,,,,,,,
USER006,2025-07-26 20:47:25.614,-37,night,anomalous,792,,,,,,,,
USER015,2025-03-25 02:37:38.699,53,morning,anomalous,5,,,,,,,,
USER016,2025-10-25 05:05:12.196,-44,morning,normal,473,,,,,,,,
USER013,2025-01-26 20:08:24.307,58,night,anomalous,900,,,,,,,,
USER003,2025-04-12 16:29:18.405,-24,evening,anomalous,747,,,,,,,,
USER012,2025-01-23 14:12:10.471,-12,evening,anomalous,944,,,,,,,,
USER017,2025-05-28 23:11:58.833,18,night,anomalous,351,,,,,,,,
USER007,2025-08-17 03:25:59.094,-9,morning,normal,312,,,,,,,,
USER009,2025-07-17 18:16:27.277,32,night,normal,730,,,,,,,,
USER012,2025-05-29 00:35:32.554,43,morning,anomalous,927,,,,,,,,
USER002,2025-03-09 18:43:51.617,-13,night,normal,450,,,,,,,,
USER003,2025-08-08 21:55:07.639,-13,night,anomalous,495,,,,,,,,
USER017,2025-09-17 13:23:42.159,-3,evening,anomalous,658,,,,,,,,
USER008,2025-05-04 05:43:32.628,37,morning,normal,118,,,,,,,,
USER006,2025-04-24 20:37:22.110,54,night,anomalous,33,,,,,,,,
USER009,2025-07-08 13:21:56.695,-44,evening,anomalous,70,,,,,,,,
USER011,2025-10-04 09:21:26.722,-15,afternoon,normal,494,,,,,,,,
USER018,2025-10-01 23:12:48.870,-24,night,normal,981,,,,,,,,
USER015,2025-09-09 15:08:37.788,-36,evening,normal,277,,,,,,,,
USER001,2025-11-29 02:04:00.563,-31,morning,normal,648,,,,,,,,
USER008,2025-01-09 04:35:40.790,-18,morning,anomalous,460,,,,,,,,
USER018,2025-09-11 20:25:43.938,43,night,normal,827,,,,,,,,
USER010,2025-11-03 16:11:52.921,12,evening,normal,938,,,,,,,,
USER008,2025-07-12 03:22:26.823,26,morning,anomalous,457,,,,,,,,
USER016,2025-11-30 19:12:29.641,17,night,anomalous,674,,,,,,,,
USER016,2025-10-09 15:20:49.961,-12,evening,anomalous,401,,,,,,,,
USER008,2025-09-23 21:56:27.270,22,night,anomalous,261,,,,,,,,
USER018,2025-09-24 11:24:19.372,-16,afternoon,normal,612,,,,,,,,
USER011,2025-03-16 09:09:55.620,24,afternoon,anomalous,465,,,,,,,,
USER001,2025-12-03 13:20:49.845,25,evening,anomalous,762,,,,,,,,
USER005,2025-08-24 19:50:04.758,21,night,anomalous,810,,,,,,,,
USER005,2025-12-22 15:26:18.808,25,evening,normal,895,,,,,,,,
USER016,2025-04-05 09:21:42.203,-28,afternoon,anomalous,549,,,,,,,,
USER005,2025-08-05 19:48:48.657,-38,night,normal,389,,,,,,,,
USER012,2025-06-03 09:15:20.613,-14,afternoon,normal,34,,,,,,,,
USER007,2025-12-10 07:45:17.797,-44,afternoon,anomalous,731,,,,,,,,
USER015,2025-05-11 00:59:20.805,13,morning,anomalous,240,,,,,,,,
USER019,2025-02-13 20:21:23.658,-8,night,anomalous,897,,,,,,,,
USER020,2025-02-25 13:06:40.756,45,evening,normal,435,,,,,,,,
USER018,2025-02-26 09:45:16.882,-47,afternoon,anomalous,962,,,,,,,,
USER018,2025-04-16 09:43:02.059,35,afternoon,anomalous,115,,,,,,,,
USER017,2025-08-19 11:58:05.059,-48,evening,anomalous,203,,,,,,,,
USER017,2025-03-22 08:49:41.242,45,afternoon,normal,734,,,,,,,,
USER020,2025-11-18 21:23:57.684,47,night,anomalous,831,,,,,,,,
USER020,2025-11-15 20:48:41.872,-7,night,anomalous,738,,,,,,,,
USER002,2025-09-19 18:07:47.870,47,night,normal,908,,,,,,,,
USER004,2025-02-03 22:58:59.521,38,night,anomalous,365,,,,,,,,
USER002,2025-06-16 19:02:25.478,12,night,anomalous,834,,,,,,,,
USER018,2025-11-29 09:21:46.605,-12,afternoon,anomalous,122,,,,,,,,
USER013,2025-01-28 17:39:40.860,30,night,normal,815,,,,,,,,
USER008,2025-09-15 11:54:20.166,-26,evening,anomalous,138,,,,,,,,
USER016,2025-01-21 23:06:44.590,-29,night,anomalous,995,,,,,,,,
USER011,2025-01-29 22:25:47.125,36,night,anomalous,694,,,,,,,,
USER011,2025-05-02 09:05:06.940,49,afternoon,anomalous,811,,,,,,,,
USER019,2025-04-25 17:04:37.528,13,night,anomalous,551,,,,,,,,
USER016,2025-08-23 21:07:25.162,-21,night,anomalous,15,,,,,,,,
USER012,2025-12-29 13:06:37.459,-8,evening,anomalous,694,,,,,,,,
USER013,2025-03-09 03:14:23.484,28,morning,anomalous,502,,,,,,,,
USER017,2025-03-21 13:08:01.337,15,evening,normal,932,,,,,,,,
USER004,2025-06-24 02:48:18.291,-46,morning,normal,856,,,,,,,,
USER020,2025-09-06 19:15:03.134,5,night,anomalous,201,,,,,,,,
USER013,2025-10-26 11:42:28.108,56,evening,normal,637,,,,,,,,
USER009,2025-04-06 12:55:02.403,-30,evening,anomalous,829,,,,,,,,
USER017,2025-06-17 03:07:40.602,42,morning,anomalous,295,,,,,,,,
USER014,2025-02-06 08:25:04.644,-42,afternoon,anomalous,745,,,,,,,,
USER008,2025-10-23 11:44:42.530,36,evening,anomalous,90,,,,,,,,
USER009,2025-02-25 10:12:40.639,17,afternoon,normal,356,,,,,,,,
USER004,2025-12-26 06:38:27.761,-46,afternoon,anomalous,488,,,,,,,,
USER001,2025-12-08 22:19:10.019,-47,night,anomalous,392,0.5580735802650452,Multiple unusual patterns detected,anomalous,10.0,0.44192641973495483,0.5580735802650452,2025-11-07 03:39:31.188,True
USER013,2025-05-14 19:42:04.533,-12,night,anomalous,891,,,,,,,,
USER008,2025-08-04 18:54:51.749,-19,night,anomalous,616,,,,,,,,
USER020,2025-07-22 16:26:17.025,11,evening,normal,564,,,,,,,,
USER020,2025-04-26 09:56:16.071,11,afternoon,normal,281,,,,,,,,
USER004,2025-03-30 03:51:38.765,-34,morning,anomalous,337,,,,,,,,
USER008,2025-10-29 21:36:57.762,14,night,normal,622,,,,,,,,
USER015,2025-02-10 08:08:41.170,12,afternoon,normal,709,,,,,,,,
USER008,2025-02-16 06:34:00.624,-41,afternoon,normal,801,,,,,,,,
USER009,2025-09-23 15:02:11.278,27,evening,anomalous,648,,,,,,,,
USER010,2025-12-10 08:50:57.947,-28,afternoon,anomalous,782,,,,,,,,
USER002,2025-12-21 05:16:59.616,19,morning,normal,614,,,,,,,,
USER018,2025-09-24 08:13:25.591,-38,afternoon,anomalous,651,,,,,,,,
USER018,2025-07-23 22:11:33.674,-7,night,normal,118,,,,,,,,
USER001,2025-07-02 16:28:01.432,57,evening,anomalous,953,,,,,,,,
USER003,2025-01-02 19:30:42.955,16,night,normal,345,,,,,,,,
USER004,2025-08-10 22:15:42.457,20,night,anomalous,769,,,,,,,,
USER011,2025-07-27 16:58:09.667,-22,night,anomalous,610,,,,,,,,
USER005,2025-02-12 20:57:24.608,-15,night,normal,195,,,,,,,,
USER004,2025-12-21 13:01:34.591,1,evening,normal,820,,,,,,,,
USER006,2025-04-24 05:53:45.766,46,morning,anomalous,607,,,,,,,,
USER001,2025-02-05 23:42:01.949,18,morning,normal,79,,,,,,,,
USER008,2025-02-06 09:30:04.250,-24,afternoon,normal,778,,,,,,,,
USER015,2025-03-18 08:01:25.236,-22,afternoon,normal,464,,,,,,,,
USER008,2025-02-13 01:46:43.715,22,morning,anomalous,71,,,,,,,,
USER004,2025-04-05 06:11:50.043,-25,morning,anomalous,958,,,,,,,,
USER014,2025-03-08 00:53:06.378,46,morning,normal,272,,,,,,,,
USER008,2025-05-31 23:02:22.614,29,night,normal,51,,,,,,,,
USER009,2025-08-29 03:42:29.583,-5,morning,anomalous,848,,,,,,,,
USER017,2025-12-25 12:31:44.437,50,evening,normal,323,,,,,,,,
USER002,2025-11-28 02:10:49.515,-6,morning,normal,608,,,,,,,,
USER015,2025-11-30 09:54:35.010,-23,afternoon,normal,773,,,,,,,,
USER013,2025-08-19 12:30:32.727,56,evening,anomalous,469,,,,,,,,
USER004,2025-08-22 16:17:41.957,-44,evening,anomalous,203,,,,,,,,
USER002,2025-07-11 17:57:20.340,3,night,normal,518,,,,,,,,
USER019,2025-11-13 22:18:34.871,-48,night,normal,409,,,,,,,,
USER004,2025-09-16 21:46:02.423,17,night,normal,516,,,,,,,,
USER005,2025-06-19 06:51:16.034,6,afternoon,normal,827,,,,,,,,
USER008,2025-08-31 01:50:24.138,43,morning,normal,208,,,,,,,,
USER008,2025-07-23 15:56:19.727,58,evening,normal,521,,,,,,,,
USER002,2025-12-29 04:47:52.373,-46,morning,anomalous,934,,,,,,,,
USER013,2025-08-26 04:52:07.666,-2,morning,anomalous,301,,,,,,,,
USER011,2025-07-20 10:17:57.966,-47,afternoon,normal,342,,,,,,,,
USER015,2025-05-13 20:48:33.262,-10,night,normal,716,,,,,,,,
USER015,2025-07-22 09:32:14.012,45,afternoon,normal,495,,,,,,,,
USER005,2025-03-02 01:23:28.408,40,morning,anomalous,959,,,,,,,,
USER004,2025-04-09 11:46:11.514,31,evening,anomalous,653,,,,,,,,
USER017,2025-08-17 15:14:18.792,58,evening,anomalous,305,,,,,,,,
USER003,2025-10-14 16:04:48.402,-46,evening,anomalous,249,,,,,,,,
USER001,2025-01-08 08:21:28.229,-30,afternoon,normal,120,,,,,,,,
USER007,2025-12-09 11:50:38.547,41,evening,anomalous,97,,,,,,,,
USER017,2025-12-26 03:46:36.244,10,morning,normal,287,,,,,,,,
USER003,2025-10-20 09:15:45.425,2,afternoon,anomalous,705,,,,,,,,
USER004,2025-12-03 06:14:33.547,22,morning,anomalous,446,,,,,,,,
USER006,2025-10-31 17:13:55.178,-41,night,normal,346,,,,,,,,
USER003,2025-09-02 02:17:02.213,-37,morning,normal,583,,,,,,,,
USER015,2025-02-11 09:02:27.031,-24,afternoon,anomalous,582,,,,,,,,
USER020,2025-11-02 22:02:39.465,13,night,anomalous,815,,,,,,,,
USER004,2025-04-19 19:49:00.718,43,night,anomalous,296,,,,,,,,
USER001,2025-01-24 07:25:49.656,41,afternoon,normal,239,,,,,,,,
USER017,2025-01-06 16:41:49.181,28,night,normal,555,,,,,,,,
USER018,2025-10-28 10:14:20.506,-42,afternoon,normal,741,,,,,,,,
USER006,2025-12-29 07:41:15.027,-1,afternoon,normal,525,0.11476340144872665,,normal,10.0,0.8852366209030151,0.8852366209030151,2025-11-07 03:40:10.450,True
USER006,2025-02-12 06:27:45.270,-21,morning,anomalous,215,,,,,,,,
USER015,2025-11-21 16:33:18.162,-43,night,normal,301,,,,,,,,
USER013,2025-01-05 14:26:22.942,18,evening,anomalous,731,,,,,,,,
USER020,2025-12-19 03:52:04.148,48,morning,anomalous,995,,,,,,,,
USER018,2025-01-24 14:59:16.804,1,evening,normal,997,,,,,,,,
USER005,2025-10-13 00:16:52.985,-18,morning,anomalous,242,,,,,,,,
USER013,2025-07-01 01:05:53.024,-10,morning,normal,258,,,,,,,,
USER002,2025-11-05 18:21:37.751,40,night,normal,30,,,,,,,,
USER006,2025-01-25 13:56:30.486,-46,evening,normal,219,,,,,,,,
USER017,2025-03-25 06:08:39.761,-31,morning,anomalous,167,,,,,,,,
USER020,2025-05-16 13:13:36.592,17,evening,normal,175,,,,,,,,
USER010,2025-01-28 05:12:38.933,3,morning,normal,548,,,,,,,,
USER013,2025-02-25 20:08:04.019,20,night,anomalous,859,,,,,,,,
USER001,2025-05-02 06:45:39.523,-5,afternoon,anomalous,307,,,,,,,,
USER014,2025-12-29 12:46:11.438,40,evening,normal,402,,,,,,,,
USER009,2025-05-14 15:54:56.778,-45,evening,anomalous,966,,,,,,,,
USER020,2025-12-02 11:20:45.867,53,afternoon,anomalous,158,,,,,,,,
USER010,2025-12-23 20:12:06.970,53,night,normal,356,,,,,,,,
USER010,2025-04-26 23:00:38.137,-29,night,anomalous,653,,,,,,,,
USER005,2025-06-12 17:34:05.022,41,night,normal,495,,,,,,,,
USER007,2025-08-16 18:42:50.330,-4,night,anomalous,815,,,,,,,,
USER001,2025-10-31 21:56:55.575,55,night,normal,206,,,,,,,,
USER018,2025-10-30 13:38:46.564,14,evening,anomalous,308,,,,,,,,
USER015,2025-02-21 23:25:40.579,8,night,anomalous,959,,,,,,,,
USER005,2025-02-01 17:20:26.707,-9,night,anomalous,819,,,,,,,,
USER006,2025-02-17 03:12:16.034,-45,morning,normal,683,,,,,,,,
USER007,2025-09-22 13:10:05.959,30,evening,anomalous,604,,,,,,,,
USER006,2025-05-19 04:29:05.904,27,morning,normal,470,,,,,,,,
USER010,2025-03-21 17:22:05.239,27,night,anomalous,245,,,,,,,,
USER001,2025-02-14 02:07:29.382,1,morning,normal,815,,,,,,,,
USER003,2025-04-30 15:14:14.682,-18,evening,anomalous,623,,,,,,,,
USER005,2025-05-29 22:50:59.256,-46,night,anomalous,609,,,,,,,,
USER002,2025-02-13 01:29:43.124,25,morning,normal,136,,,,,,,,
USER011,2025-10-15 01:01:25.290,-3,morning,anomalous,994,,,,,,,,
USER017,2025-03-10 19:00:48.224,39,night,normal,435,,,,,,,,
USER009,2025-03-23 19:58:36.084,55,night,anomalous,328,,,,,,,,
USER020,2025-07-17 03:28:09.621,35,morning,normal,32,,,,,,,,
TEST_USER,2025-11-06 21:37:55.149,25,morning,,150,,,,,,,,
USER018,2025-05-21 07:14:31.535,-2,afternoon,normal,150,,,,,,,,
USER002,2025-01-06 04:21:14.496,27,morning,anomalous,224,,,,,,,,
USER009,2025-02-01 07:19:04.254,-1,afternoon,normal,403,,,,,,,,
USER018,2025-04-07 12:43:55.089,-27,evening,anomalous,364,,,,,,,,
USER008,2025-12-27 11:06:14.015,3,afternoon,anomalous,561,,,,,,,,
USER017,2025-07-17 15:38:40.689,-37,evening,anomalous,141,,,,,,,,
USER010,2025-03-02 01:24:44.169,-2,morning,normal,302,,,,,,,,
USER013,2025-12-04 23:07:37.207,-22,night,anomalous,358,,,,,,,,
USER006,2025-09-14 12:49:46.291,-27,evening,normal,127,,,,,,,,
USER011,2025-08-16 05:20:32.591,3,morning,normal,260,,,,,,,,
USER010,2025-10-06 22:36:17.470,34,night,anomalous,429,,,,,,,,
USER017,2025-11-25 08:17:41.960,52,afternoon,normal,843,,,,,,,,
USER011,2025-02-25 20:47:39.251,25,night,normal,638,,,,,,,,
USER018,2025-05-01 19:05:46.850,-39,night,anomalous,482,,,,,,,,
USER015,2025-11-26 17:12:53.222,23,night,normal,886,,,,,,,,
USER017,2025-01-31 07:33:35.300,18,afternoon,normal,873,,,,,,,,
USER002,2025-10-19 04:11:49.436,21,morning,anomalous,735,,,,,,,,
USER008,2025-07-17 05:47:43.411,-15,morning,anomalous,396,,,,,,,,
USER012,2025-06-27 23:56:50.529,-50,morning,anomalous,897,,,,,,,,
USER010,2025-09-30 07:32:50.377,51,afternoon,anomalous,559,,,,,,,,
USER006,2025-07-19 19:37:00.088,6,night,normal,316,,,,,,,,
USER010,2025-12-22 12:30:30.623,-9,evening,anomalous,952,,,,,,,,
USER006,2025-02-24 03:43:31.028,-38,morning,anomalous,581,,,,,,,,
USER020,2025-09-06 11:17:04.584,18,afternoon,normal,691,,,,,,,,
USER015,2025-10-24 08:53:30.648,-50,afternoon,normal,800,,,,,,,,
USER010,2025-05-07 01:45:15.389,58,morning,anomalous,321,,,,,,,,
USER002,2025-07-30 08:44:37.470,-28,afternoon,normal,113,,,,,,,,
USER010,2025-01-27 08:32:13.074,16,afternoon,anomalous,814,,,,,,,,
USER001,2025-05-25 01:54:20.455,-5,morning,anomalous,475,,,,,,,,
USER019,2025-01-19 05:24:22.860,1,morning,anomalous,979,,,,,,,,
USER020,2025-08-15 11:57:40.382,12,evening,anomalous,129,,,,,,,,
USER010,2025-07-29 17:21:03.643,28,night,normal,616,,,,,,,,
USER014,2025-03-29 14:52:57.562,-6,evening,normal,964,,,,,,,,
USER018,2025-04-06 01:07:15.015,-29,morning,anomalous,765,,,,,,,,
USER016,2025-07-09 07:50:54.047,-9,afternoon,anomalous,103,,,,,,,,
USER015,2025-01-27 16:55:09.118,9,night,normal,320,,,,,,,,
USER001,2025-04-20 15:58:21.974,-46,evening,normal,19,,,,,,,,
USER015,2025-02-27 14:54:19.898,35,evening,normal,471,,,,,,,,
USER019,2025-07-27 19:21:05.340,-18,night,anomalous,770,,,,,,,,
USER019,2025-07-09 17:36:06.725,28,night,normal,645,,,,,,,,
USER016,2025-07-03 15:28:51.389,-17,evening,anomalous,906,,,,,,,,
USER004,2025-02-25 16:42:21.947,-39,night,normal,834,,,,,,,,
USER014,2025-08-24 17:32:14.075,23,night,anomalous,243,,,,,,,,
USER004,2025-07-28 05:49:12.606,-25,morning,anomalous,25,,,,,,,,
USER010,2025-11-25 09:11:51.148,-2,afternoon,anomalous,953,,,,,,,,
USER020,2025-11-16 21:00:29.760,-33,night,normal,251,,,,,,,,
USER008,2025-04-05 05:40:42.025,-21,morning,normal,158,,,,,,,,
USER003,2025-03-06 23:45:36.766,36,morning,anomalous,2,,,,,,,,
USER008,2025-08-27 02:46:51.102,-16,morning,anomalous,868,,,,,,,,
USER009,2025-07-16 14:34:38.820,42,evening,anomalous,800,,,,,,,,
USER017,2025-03-11 14:18:08.314,-2,evening,normal,660,,,,,,,,
USER011,2025-07-14 18:11:03.022,18,night,normal,590,,,,,,,,
USER008,2025-02-02 05:48:41.521,-33,morning,normal,74,,,,,,,,
USER007,2025-10-06 13:43:14.312,53,evening,anomalous,424,,,,,,,,
USER014,2025-09-10 10:42:54.402,-5,afternoon,normal,451,,,,,,,,
USER019,2025-09-02 22:54:19.932,24,night,normal,871,,,,,,,,
USER001,2025-06-24 08:56:51.918,-47,afternoon,normal,480,,,,,,,,
USER017,2025-07-23 17:33:05.840,-31,night,anomalous,674,,,,,,,,
USER001,2025-05-01 01:39:30.897,25,morning,anomalous,734,,,,,,,,
USER012,2025-06-08 18:14:53.586,-42,night,normal,271,,,,,,,,
USER001,2025-09-03 06:59:05.401,46,afternoon,normal,916,,,,,,,,
USER013,2025-10-10 07:27:05.458,57,afternoon,normal,101,,,,,,,,
USER003,2025-09-26 03:34:13.369,5,morning,normal,654,,,,,,,,
USER016,2025-02-03 10:04:44.809,19,afternoon,anomalous,700,,,,,,,,
USER003,2025-09-06 11:18:13.690,20,afternoon,anomalous,361,,,,,,,,
USER004,2025-01-04 17:47:07.481,13,night,normal,465,,,,,,,,
USER019,2025-11-23 15:44:52.181,14,evening,normal,877,,,,,,,,
USER004,2025-11-04 16:05:54.598,-4,evening,normal,233,,,,,,,,
USER016,2025-05-14 17:58:52.675,-31,night,normal,403,,,,,,,,
USER007,2025-07-18 14:27:06.855,1,evening,anomalous,188,,,,,,,,
USER006,2025-09-26 05:55:45.000,-39,morning,normal,514,,,,,,,,
USER019,2025-08-31 08:56:12.019,8,afternoon,normal,51,,,,,,,,
USER009,2025-04-21 08:59:29.457,-6,afternoon,normal,960,,,,,,,,
USER011,2025-05-19 15:36:32.160,-21,evening,anomalous,32,,,,,,,,
USER007,2025-12-19 12:40:22.076,6,evening,anomalous,514,,,,,,,,
USER017,2025-09-18 18:00:33.216,-32,night,normal,495,,,,,,,,
USER002,2025-01-14 09:05:01.557,-27,afternoon,anomalous,200,,,,,,,,
USER002,2025-08-26 01:32:17.721,11,morning,normal,667,,,,,,,,
USER004,2025-10-05 08:11:55.394,-49,afternoon,anomalous,99,,,,,,,,
USER013,2025-12-06 12:16:17.849,-40,evening,normal,716,,,,,,,,
USER018,2025-09-12 14:59:44.055,28,evening,anomalous,586,,,,,,,,
USER005,2025-12-28 06:51:24.316,55,afternoon,anomalous,801,,,,,,,,
USER011,2025-05-31 23:43:59.091,0,morning,anomalous,974,,,,,,,,
USER003,2025-06-04 20:31:09.428,-5,night,normal,50,,,,,,,,
USER019,2025-06-12 07:24:53.370,-45,afternoon,normal,80,,,,,,,,
USER013,2025-10-22 17:37:14.920,-14,night,normal,130,,,,,,,,
USER014,2025-08-31 04:03:19.536,0,morning,anomalous,122,,,,,,,,
USER003,2025-01-15 18:45:08.172,7,night,anomalous,662,,,,,,,,
USER005,2025-08-04 08:37:43.967,41,afternoon,normal,863,,,,,,,,
USER018,2025-05-07 20:31:55.714,46,night,anomalous,820,,,,,,,,
USER009,2025-09-11 14:21:47.090,-29,evening,anomalous,820,,,,,,,,
USER020,2025-07-06 22:26:42.225,46,night,normal,275,,,,,,,,
USER001,2025-01-14 19:42:56.908,55,night,normal,29,,,,,,,,
USER005,2025-05-15 01:09:29.333,18,morning,anomalous,541,,,,,,,,
